Occupation,Employer,Applications,Employer_Median_Wage,Occupation_Median_Wage,Occupation_75th_Wage,Occupation_90th_Wage,Sample_Count,Bin_Center
Software Developer,Google LLC,5572,184000.0,140000.0,174960.0,209000.0,145320,
Software Developer,Amazon.com Services LLC,4699,152100.0,140000.0,174960.0,209000.0,145320,
Software Developer,Microsoft Corporation,4641,170205.0,140000.0,174960.0,209000.0,145320,
Software Developer,"Meta Platforms, Inc",3253,195888.0,140000.0,174960.0,209000.0,145320,
Software Developer,Apple Inc.,2477,213877.0,140000.0,174960.0,209000.0,145320,
Software Developer,"WAL-MART ASSOCIATES, INC.",2238,151286.59,140000.0,174960.0,209000.0,145320,
Software Developer,JPMorgan Chase & Co.,1737,154900.0,140000.0,174960.0,209000.0,145320,
Software Developer,"Amazon Development Center U.S., Inc.",1624,137259.0,140000.0,174960.0,209000.0,145320,
Software Developer,"Amazon Web Services, Inc.",1574,152100.0,140000.0,174960.0,209000.0,145320,
Software Developer,Deloitte Consulting LLP,1392,125653.0,140000.0,174960.0,209000.0,145320,
Software Developer,Ernst & Young U.S. LLP,1215,162078.02,140000.0,174960.0,209000.0,145320,
Software Developer,"Fidelity Technology Group, LLC d/b/a Fidelity Investments",1095,136385.5,140000.0,174960.0,209000.0,145320,
Software Developer,CAPGEMINI AMERICA INC,1006,134298.0,140000.0,174960.0,209000.0,145320,
Software Developer,"Salesforce, Inc.",869,202878.0,140000.0,174960.0,209000.0,145320,
Software Developer,"COMPUNNEL SOFTWARE GROUP, INC",814,137500.0,140000.0,174960.0,209000.0,145320,
Software Developer,ALL,1,,140000.0,174960.0,209000.0,145320,30475.0
Software Developer,ALL,34,,140000.0,174960.0,209000.0,145320,49425.0
Software Developer,ALL,1375,,140000.0,174960.0,209000.0,145320,68375.0
Software Developer,ALL,13070,,140000.0,174960.0,209000.0,145320,87325.0
Software Developer,ALL,26411,,140000.0,174960.0,209000.0,145320,106275.0
Software Developer,ALL,23987,,140000.0,174960.0,209000.0,145320,125225.0
Software Developer,ALL,23435,,140000.0,174960.0,209000.0,145320,144175.0
Software Developer,ALL,18532,,140000.0,174960.0,209000.0,145320,163125.0
Software Developer,ALL,15989,,140000.0,174960.0,209000.0,145320,182075.0
Software Developer,ALL,8707,,140000.0,174960.0,209000.0,145320,201025.0
Software Developer,ALL,6778,,140000.0,174960.0,209000.0,145320,219975.0
Software Developer,ALL,3567,,140000.0,174960.0,209000.0,145320,238925.0
Software Developer,ALL,1610,,140000.0,174960.0,209000.0,145320,257875.0
Software Developer,ALL,941,,140000.0,174960.0,209000.0,145320,276825.0
Software Developer,ALL,397,,140000.0,174960.0,209000.0,145320,295775.0
Software Developer,ALL,166,,140000.0,174960.0,209000.0,145320,314725.0
Software Developer,ALL,116,,140000.0,174960.0,209000.0,145320,333675.0
Software Developer,ALL,53,,140000.0,174960.0,209000.0,145320,352625.0
Software Developer,ALL,44,,140000.0,174960.0,209000.0,145320,371575.0
Software Developer,ALL,107,,140000.0,174960.0,209000.0,145320,390525.0
Computer Systems Engineersarchitect,COGNIZANT TECHNOLOGY SOLUTIONS US CORP,5637,107141.0,108247.5,129730.0,157500.0,20547,
Computer Systems Engineersarchitect,INFOSYS LIMITED,1803,90053.6,108247.5,129730.0,157500.0,20547,
Computer Systems Engineersarchitect,TATA CONSULTANCY SERVICES LIMITED,1419,108351.0,108247.5,129730.0,157500.0,20547,
Computer Systems Engineersarchitect,Tata Consultancy Services Limited,1271,107613.5,108247.5,129730.0,157500.0,20547,
Computer Systems Engineersarchitect,HCL AMERICA INC,599,111600.0,108247.5,129730.0,157500.0,20547,
Computer Systems Engineersarchitect,Microsoft Corporation,590,152215.0,108247.5,129730.0,157500.0,20547,
Computer Systems Engineersarchitect,WIPRO LIMITED,377,86400.0,108247.5,129730.0,157500.0,20547,
Computer Systems Engineersarchitect,LTIMindtree Limited,372,111946.0,108247.5,129730.0,157500.0,20547,
Computer Systems Engineersarchitect,Hewlett Packard Enterprise Company,255,184789.5,108247.5,129730.0,157500.0,20547,
Computer Systems Engineersarchitect,VIRTUSA CORPORATION,215,98218.0,108247.5,129730.0,157500.0,20547,
Computer Systems Engineersarchitect,IBM Corporation,207,151068.0,108247.5,129730.0,157500.0,20547,
Computer Systems Engineersarchitect,"COMPUNNEL SOFTWARE GROUP, INC",139,106250.0,108247.5,129730.0,157500.0,20547,
Computer Systems Engineersarchitect,ATOS SYNTEL INC,128,87000.0,108247.5,129730.0,157500.0,20547,
Computer Systems Engineersarchitect,Visa Technology & Operations LLC,114,165700.0,108247.5,129730.0,157500.0,20547,
Computer Systems Engineersarchitect,"Databricks, Inc.",112,162310.75,108247.5,129730.0,157500.0,20547,
Computer Systems Engineersarchitect,ALL,344,,108247.5,129730.0,157500.0,20547,56258.875
Computer Systems Engineersarchitect,ALL,2024,,108247.5,129730.0,157500.0,20547,73886.625
Computer Systems Engineersarchitect,ALL,4893,,108247.5,129730.0,157500.0,20547,91514.375
Computer Systems Engineersarchitect,ALL,6184,,108247.5,129730.0,157500.0,20547,109142.125
Computer Systems Engineersarchitect,ALL,2753,,108247.5,129730.0,157500.0,20547,126769.875
Computer Systems Engineersarchitect,ALL,2024,,108247.5,129730.0,157500.0,20547,144397.625
Computer Systems Engineersarchitect,ALL,1089,,108247.5,129730.0,157500.0,20547,162025.375
Computer Systems Engineersarchitect,ALL,557,,108247.5,129730.0,157500.0,20547,179653.125
Computer Systems Engineersarchitect,ALL,355,,108247.5,129730.0,157500.0,20547,197280.875
Computer Systems Engineersarchitect,ALL,171,,108247.5,129730.0,157500.0,20547,214908.625
Computer Systems Engineersarchitect,ALL,75,,108247.5,129730.0,157500.0,20547,232536.375
Computer Systems Engineersarchitect,ALL,37,,108247.5,129730.0,157500.0,20547,250164.125
Computer Systems Engineersarchitect,ALL,20,,108247.5,129730.0,157500.0,20547,267791.875
Computer Systems Engineersarchitect,ALL,8,,108247.5,129730.0,157500.0,20547,285419.625
Computer Systems Engineersarchitect,ALL,6,,108247.5,129730.0,157500.0,20547,303047.375
Computer Systems Engineersarchitect,ALL,3,,108247.5,129730.0,157500.0,20547,320675.125
Computer Systems Engineersarchitect,ALL,0,,108247.5,129730.0,157500.0,20547,338302.875
Computer Systems Engineersarchitect,ALL,0,,108247.5,129730.0,157500.0,20547,355930.625
Computer Systems Engineersarchitect,ALL,0,,108247.5,129730.0,157500.0,20547,373558.375
Computer Systems Engineersarchitect,ALL,4,,108247.5,129730.0,157500.0,20547,391186.125
Data Scientist,Microsoft Corporation,557,168800.0,132221.0,169000.0,202668.5,15886,
Data Scientist,Amazon.com Services LLC,404,155250.0,132221.0,169000.0,202668.5,15886,
Data Scientist,"Meta Platforms, Inc",402,193000.0,132221.0,169000.0,202668.5,15886,
Data Scientist,"Capital One, National Association",331,148702.5,132221.0,169000.0,202668.5,15886,
Data Scientist,"WAL-MART ASSOCIATES, INC.",309,189037.5,132221.0,169000.0,202668.5,15886,
Data Scientist,"Capital One Services, LLC",278,142369.5,132221.0,169000.0,202668.5,15886,
Data Scientist,Google LLC,269,174000.0,132221.0,169000.0,202668.5,15886,
Data Scientist,JPMorgan Chase & Co.,175,145000.0,132221.0,169000.0,202668.5,15886,
Data Scientist,TikTok Inc.,164,211066.7,132221.0,169000.0,202668.5,15886,
Data Scientist,ByteDance Inc.,140,220500.0,132221.0,169000.0,202668.5,15886,
Data Scientist,Adobe Inc.,108,182750.0,132221.0,169000.0,202668.5,15886,
Data Scientist,Apple Inc.,98,209396.25,132221.0,169000.0,202668.5,15886,
Data Scientist,Federal Express Corporation,98,116199.0,132221.0,169000.0,202668.5,15886,
Data Scientist,AMAZON.COM SERVICES LLC,87,175000.0,132221.0,169000.0,202668.5,15886,
Data Scientist,Deloitte Consulting LLP,77,120800.0,132221.0,169000.0,202668.5,15886,
Data Scientist,ALL,1,,132221.0,169000.0,202668.5,15886,30475.0
Data Scientist,ALL,87,,132221.0,169000.0,202668.5,15886,49425.0
Data Scientist,ALL,1074,,132221.0,169000.0,202668.5,15886,68375.0
Data Scientist,ALL,2674,,132221.0,169000.0,202668.5,15886,87325.0
Data Scientist,ALL,2170,,132221.0,169000.0,202668.5,15886,106275.0
Data Scientist,ALL,2169,,132221.0,169000.0,202668.5,15886,125225.0
Data Scientist,ALL,2306,,132221.0,169000.0,202668.5,15886,144175.0
Data Scientist,ALL,1793,,132221.0,169000.0,202668.5,15886,163125.0
Data Scientist,ALL,1483,,132221.0,169000.0,202668.5,15886,182075.0
Data Scientist,ALL,903,,132221.0,169000.0,202668.5,15886,201025.0
Data Scientist,ALL,584,,132221.0,169000.0,202668.5,15886,219975.0
Data Scientist,ALL,268,,132221.0,169000.0,202668.5,15886,238925.0
Data Scientist,ALL,159,,132221.0,169000.0,202668.5,15886,257875.0
Data Scientist,ALL,94,,132221.0,169000.0,202668.5,15886,276825.0
Data Scientist,ALL,46,,132221.0,169000.0,202668.5,15886,295775.0
Data Scientist,ALL,30,,132221.0,169000.0,202668.5,15886,314725.0
Data Scientist,ALL,11,,132221.0,169000.0,202668.5,15886,333675.0
Data Scientist,ALL,9,,132221.0,169000.0,202668.5,15886,352625.0
Data Scientist,ALL,4,,132221.0,169000.0,202668.5,15886,371575.0
Data Scientist,ALL,21,,132221.0,169000.0,202668.5,15886,390525.0
Computer And Information Systems Manager,Deloitte Consulting LLP,899,177600.0,200270.5,241139.35,276640.0,10508,
Computer And Information Systems Manager,Ernst & Young U.S. LLP,608,220320.36,200270.5,241139.35,276640.0,10508,
Computer And Information Systems Manager,Amazon.com Services LLC,518,198150.0,200270.5,241139.35,276640.0,10508,
Computer And Information Systems Manager,PRICEWATERHOUSECOOPERS ADVISORY SERVICES LLC,290,195000.0,200270.5,241139.35,276640.0,10508,
Computer And Information Systems Manager,AMAZON.COM SERVICES LLC,250,201100.0,200270.5,241139.35,276640.0,10508,
Computer And Information Systems Manager,Apple Inc.,248,258995.0,200270.5,241139.35,276640.0,10508,
Computer And Information Systems Manager,"Meta Platforms, Inc",202,266699.5,200270.5,241139.35,276640.0,10508,
Computer And Information Systems Manager,"PayPal, Inc.",113,216590.0,200270.5,241139.35,276640.0,10508,
Computer And Information Systems Manager,Google LLC,99,258000.0,200270.5,241139.35,276640.0,10508,
Computer And Information Systems Manager,"Comcast Cable Communications, LLC",97,173404.91999999998,200270.5,241139.35,276640.0,10508,
Computer And Information Systems Manager,"Amazon Web Services, Inc.",97,185037.0,200270.5,241139.35,276640.0,10508,
Computer And Information Systems Manager,"Salesforce, Inc.",95,250831.0,200270.5,241139.35,276640.0,10508,
Computer And Information Systems Manager,"Oracle America, Inc.",80,252441.5,200270.5,241139.35,276640.0,10508,
Computer And Information Systems Manager,"Amazon Development Center U.S., Inc.",73,196040.0,200270.5,241139.35,276640.0,10508,
Computer And Information Systems Manager,"American Express Travel Related Services Company, Inc.",73,188408.01,200270.5,241139.35,276640.0,10508,
Computer And Information Systems Manager,ALL,9,,200270.5,241139.35,276640.0,10508,78737.5
Computer And Information Systems Manager,ALL,33,,200270.5,241139.35,276640.0,10508,95212.5
Computer And Information Systems Manager,ALL,193,,200270.5,241139.35,276640.0,10508,111687.5
Computer And Information Systems Manager,ALL,319,,200270.5,241139.35,276640.0,10508,128162.5
Computer And Information Systems Manager,ALL,925,,200270.5,241139.35,276640.0,10508,144637.5
Computer And Information Systems Manager,ALL,974,,200270.5,241139.35,276640.0,10508,161112.5
Computer And Information Systems Manager,ALL,1541,,200270.5,241139.35,276640.0,10508,177587.5
Computer And Information Systems Manager,ALL,1418,,200270.5,241139.35,276640.0,10508,194062.5
Computer And Information Systems Manager,ALL,1152,,200270.5,241139.35,276640.0,10508,210537.5
Computer And Information Systems Manager,ALL,1029,,200270.5,241139.35,276640.0,10508,227012.5
Computer And Information Systems Manager,ALL,788,,200270.5,241139.35,276640.0,10508,243487.5
Computer And Information Systems Manager,ALL,688,,200270.5,241139.35,276640.0,10508,259962.5
Computer And Information Systems Manager,ALL,597,,200270.5,241139.35,276640.0,10508,276437.5
Computer And Information Systems Manager,ALL,324,,200270.5,241139.35,276640.0,10508,292912.5
Computer And Information Systems Manager,ALL,141,,200270.5,241139.35,276640.0,10508,309387.5
Computer And Information Systems Manager,ALL,123,,200270.5,241139.35,276640.0,10508,325862.5
Computer And Information Systems Manager,ALL,83,,200270.5,241139.35,276640.0,10508,342337.5
Computer And Information Systems Manager,ALL,38,,200270.5,241139.35,276640.0,10508,358812.5
Computer And Information Systems Manager,ALL,26,,200270.5,241139.35,276640.0,10508,375287.5
Computer And Information Systems Manager,ALL,107,,200270.5,241139.35,276640.0,10508,391762.5
Accountants And Auditor,Ernst & Young U.S. LLP,2683,105582.1,93500.0,119999.88,152499.88,8808,
Accountants And Auditor,Deloitte Tax LLP,701,82000.0,93500.0,119999.88,152499.88,8808,
Accountants And Auditor,Deloitte & Touche LLP,617,80912.0,93500.0,119999.88,152499.88,8808,
Accountants And Auditor,Amazon.com Services LLC,245,105000.0,93500.0,119999.88,152499.88,8808,
Accountants And Auditor,KPMG LLP,157,123450.0,93500.0,119999.88,152499.88,8808,
Accountants And Auditor,Grant Thornton Advisors LLC,107,105000.0,93500.0,119999.88,152499.88,8808,
Accountants And Auditor,GOLDMAN SACHS & CO. LLC,99,95000.0,93500.0,119999.88,152499.88,8808,
Accountants And Auditor,PwC US Tax LLP,84,144000.0,93500.0,119999.88,152499.88,8808,
Accountants And Auditor,PRICEWATERHOUSECOOPERS LLP,71,137500.0,93500.0,119999.88,152499.88,8808,
Accountants And Auditor,"BDO USA, P.C.",61,116500.0,93500.0,119999.88,152499.88,8808,
Accountants And Auditor,Ernst & Young LLP (EY GUAM),53,46000.0,93500.0,119999.88,152499.88,8808,
Accountants And Auditor,CohnReznick Advisory LLC,50,83249.25,93500.0,119999.88,152499.88,8808,
Accountants And Auditor,"Crowe, LLP",43,80000.0,93500.0,119999.88,152499.88,8808,
Accountants And Auditor,RSM US LLP,35,106088.0,93500.0,119999.88,152499.88,8808,
Accountants And Auditor,The Siegfried Group LLP,29,142500.0,93500.0,119999.88,152499.88,8808,
Accountants And Auditor,ALL,200,,93500.0,119999.88,152499.88,8808,43147.66
Accountants And Auditor,ALL,1279,,93500.0,119999.88,152499.88,8808,61447.78000000001
Accountants And Auditor,ALL,2382,,93500.0,119999.88,152499.88,8808,79747.90000000002
Accountants And Auditor,ALL,1939,,93500.0,119999.88,152499.88,8808,98048.02000000002
Accountants And Auditor,ALL,1127,,93500.0,119999.88,152499.88,8808,116348.14000000001
Accountants And Auditor,ALL,751,,93500.0,119999.88,152499.88,8808,134648.26
Accountants And Auditor,ALL,437,,93500.0,119999.88,152499.88,8808,152948.38
Accountants And Auditor,ALL,333,,93500.0,119999.88,152499.88,8808,171248.50000000003
Accountants And Auditor,ALL,172,,93500.0,119999.88,152499.88,8808,189548.62000000002
Accountants And Auditor,ALL,74,,93500.0,119999.88,152499.88,8808,207848.74000000002
Accountants And Auditor,ALL,48,,93500.0,119999.88,152499.88,8808,226148.86000000004
Accountants And Auditor,ALL,39,,93500.0,119999.88,152499.88,8808,244448.98000000004
Accountants And Auditor,ALL,9,,93500.0,119999.88,152499.88,8808,262749.10000000003
Accountants And Auditor,ALL,1,,93500.0,119999.88,152499.88,8808,281049.22000000003
Accountants And Auditor,ALL,0,,93500.0,119999.88,152499.88,8808,299349.34
Accountants And Auditor,ALL,3,,93500.0,119999.88,152499.88,8808,317649.46
Accountants And Auditor,ALL,0,,93500.0,119999.88,152499.88,8808,335949.58
Accountants And Auditor,ALL,0,,93500.0,119999.88,152499.88,8808,354249.7
Accountants And Auditor,ALL,0,,93500.0,119999.88,152499.88,8808,372549.82
Accountants And Auditor,ALL,14,,93500.0,119999.88,152499.88,8808,390849.94
Mechanical Engineer,"Tesla, Inc.",359,146285.0,107133.68,133846.375,167008.0,8346,
Mechanical Engineer,Cummins Inc.,261,109715.0,107133.68,133846.375,167008.0,8346,
Mechanical Engineer,Apple Inc.,237,184771.5,107133.68,133846.375,167008.0,8346,
Mechanical Engineer,L&T Technology Services Limited,107,96500.0,107133.68,133846.375,167008.0,8346,
Mechanical Engineer,General Motors,100,125666.66500000001,107133.68,133846.375,167008.0,8346,
Mechanical Engineer,"Goken America, LLC",86,93672.8,107133.68,133846.375,167008.0,8346,
Mechanical Engineer,HCL AMERICA INC,84,94931.5,107133.68,133846.375,167008.0,8346,
Mechanical Engineer,"Rivian Automotive, LLC",74,149314.08000000002,107133.68,133846.375,167008.0,8346,
Mechanical Engineer,"Lucid USA, Inc.",68,161602.0,107133.68,133846.375,167008.0,8346,
Mechanical Engineer,Veenus Infotechs Corporation,67,85904.0,107133.68,133846.375,167008.0,8346,
Mechanical Engineer,"TECH MAHINDRA (AMERICAS), INC",60,87548.0,107133.68,133846.375,167008.0,8346,
Mechanical Engineer,ASM AMERICA INC.,58,115697.5,107133.68,133846.375,167008.0,8346,
Mechanical Engineer,FCA US LLC,56,119562.0,107133.68,133846.375,167008.0,8346,
Mechanical Engineer,"Cyient, Inc. ",53,76000.0,107133.68,133846.375,167008.0,8346,
Mechanical Engineer,Caterpillar Inc.,52,105094.4125,107133.68,133846.375,167008.0,8346,
Mechanical Engineer,ALL,105,,107133.68,133846.375,167008.0,8346,52101.475
Mechanical Engineer,ALL,961,,107133.68,133846.375,167008.0,8346,69942.42499999999
Mechanical Engineer,ALL,1944,,107133.68,133846.375,167008.0,8346,87783.375
Mechanical Engineer,ALL,1823,,107133.68,133846.375,167008.0,8346,105624.32500000001
Mechanical Engineer,ALL,1357,,107133.68,133846.375,167008.0,8346,123465.275
Mechanical Engineer,ALL,818,,107133.68,133846.375,167008.0,8346,141306.225
Mechanical Engineer,ALL,526,,107133.68,133846.375,167008.0,8346,159147.17500000002
Mechanical Engineer,ALL,362,,107133.68,133846.375,167008.0,8346,176988.125
Mechanical Engineer,ALL,191,,107133.68,133846.375,167008.0,8346,194829.075
Mechanical Engineer,ALL,122,,107133.68,133846.375,167008.0,8346,212670.02500000002
Mechanical Engineer,ALL,79,,107133.68,133846.375,167008.0,8346,230510.975
Mechanical Engineer,ALL,28,,107133.68,133846.375,167008.0,8346,248351.92500000002
Mechanical Engineer,ALL,20,,107133.68,133846.375,167008.0,8346,266192.875
Mechanical Engineer,ALL,3,,107133.68,133846.375,167008.0,8346,284033.825
Mechanical Engineer,ALL,1,,107133.68,133846.375,167008.0,8346,301874.775
Mechanical Engineer,ALL,3,,107133.68,133846.375,167008.0,8346,319715.725
Mechanical Engineer,ALL,1,,107133.68,133846.375,167008.0,8346,337556.67500000005
Mechanical Engineer,ALL,0,,107133.68,133846.375,167008.0,8346,355397.625
Mechanical Engineer,ALL,0,,107133.68,133846.375,167008.0,8346,373238.575
Mechanical Engineer,ALL,2,,107133.68,133846.375,167008.0,8346,391079.525
Financial And Investment Analyst,Ernst & Young U.S. LLP,918,152374.04,136401.5,180000.0,225000.0,7511,
Financial And Investment Analyst,JPMorgan Chase & Co.,199,175000.0,136401.5,180000.0,225000.0,7511,
Financial And Investment Analyst,GOLDMAN SACHS & CO. LLC,193,120000.0,136401.5,180000.0,225000.0,7511,
Financial And Investment Analyst,"BOFA SECURITIES, INC.",179,175000.005,136401.5,180000.0,225000.0,7511,
Financial And Investment Analyst,"Deutsche Bank Securities, Inc.",138,125000.0,136401.5,180000.0,225000.0,7511,
Financial And Investment Analyst,"Morgan Stanley & Co., LLC",70,175000.0,136401.5,180000.0,225000.0,7511,
Financial And Investment Analyst,Jefferies LLC,70,175000.0,136401.5,180000.0,225000.0,7511,
Financial And Investment Analyst,"Citibank, N.A.",65,165170.36,136401.5,180000.0,225000.0,7511,
Financial And Investment Analyst,EVERCORE PARTNERS SERVICES EAST LLC,56,217500.0,136401.5,180000.0,225000.0,7511,
Financial And Investment Analyst,Google LLC,56,158618.0,136401.5,180000.0,225000.0,7511,
Financial And Investment Analyst,"SCOTIA CAPITAL (USA), INC.",54,145000.0,136401.5,180000.0,225000.0,7511,
Financial And Investment Analyst,PJT Partners Holdings LP,54,135000.0,136401.5,180000.0,225000.0,7511,
Financial And Investment Analyst,"BlackRock Financial Management, Inc.",53,140000.0,136401.5,180000.0,225000.0,7511,
Financial And Investment Analyst,"Nomura Securities International, Inc.",51,130000.0,136401.5,180000.0,225000.0,7511,
Financial And Investment Analyst,"Blackstone, Inc.",46,155000.0,136401.5,180000.0,225000.0,7511,
Financial And Investment Analyst,ALL,123,,136401.5,180000.0,225000.0,7511,55825.0
Financial And Investment Analyst,ALL,638,,136401.5,180000.0,225000.0,7511,73475.0
Financial And Investment Analyst,ALL,913,,136401.5,180000.0,225000.0,7511,91125.0
Financial And Investment Analyst,ALL,1088,,136401.5,180000.0,225000.0,7511,108775.0
Financial And Investment Analyst,ALL,954,,136401.5,180000.0,225000.0,7511,126425.0
Financial And Investment Analyst,ALL,747,,136401.5,180000.0,225000.0,7511,144075.0
Financial And Investment Analyst,ALL,565,,136401.5,180000.0,225000.0,7511,161725.0
Financial And Investment Analyst,ALL,858,,136401.5,180000.0,225000.0,7511,179375.0
Financial And Investment Analyst,ALL,525,,136401.5,180000.0,225000.0,7511,197025.0
Financial And Investment Analyst,ALL,232,,136401.5,180000.0,225000.0,7511,214675.0
Financial And Investment Analyst,ALL,315,,136401.5,180000.0,225000.0,7511,232325.0
Financial And Investment Analyst,ALL,182,,136401.5,180000.0,225000.0,7511,249975.0
Financial And Investment Analyst,ALL,125,,136401.5,180000.0,225000.0,7511,267625.0
Financial And Investment Analyst,ALL,45,,136401.5,180000.0,225000.0,7511,285275.0
Financial And Investment Analyst,ALL,81,,136401.5,180000.0,225000.0,7511,302925.0
Financial And Investment Analyst,ALL,35,,136401.5,180000.0,225000.0,7511,320575.0
Financial And Investment Analyst,ALL,4,,136401.5,180000.0,225000.0,7511,338225.0
Financial And Investment Analyst,ALL,20,,136401.5,180000.0,225000.0,7511,355875.0
Financial And Investment Analyst,ALL,5,,136401.5,180000.0,225000.0,7511,373525.0
Financial And Investment Analyst,ALL,56,,136401.5,180000.0,225000.0,7511,391175.0
Electronics Engineers Except Computer,"Qualcomm Technologies, Inc.",995,160000.0,161295.5,195378.0,227662.5,6643,
Electronics Engineers Except Computer,Apple Inc.,833,196253.0,161295.5,195378.0,227662.5,6643,
Electronics Engineers Except Computer,Intel Corporation ,769,146920.0,161295.5,195378.0,227662.5,6643,
Electronics Engineers Except Computer,"Advanced Micro Devices, Inc.",425,174429.0,161295.5,195378.0,227662.5,6643,
Electronics Engineers Except Computer,NVIDIA Corporation,414,216250.0,161295.5,195378.0,227662.5,6643,
Electronics Engineers Except Computer,"Arm, Inc.",174,202071.0,161295.5,195378.0,227662.5,6643,
Electronics Engineers Except Computer,"Analog Devices, Inc.",118,132392.53999999998,161295.5,195378.0,227662.5,6643,
Electronics Engineers Except Computer,"NXP USA, Inc.",98,151375.3,161295.5,195378.0,227662.5,6643,
Electronics Engineers Except Computer,"Skyworks Solutions, Inc.",87,130603.0,161295.5,195378.0,227662.5,6643,
Electronics Engineers Except Computer,"Xilinx, Inc.",74,180224.0,161295.5,195378.0,227662.5,6643,
Electronics Engineers Except Computer,"Cadence Design Systems, Inc.",73,187782.5,161295.5,195378.0,227662.5,6643,
Electronics Engineers Except Computer,"Sandisk Technologies, Inc.",66,157762.0,161295.5,195378.0,227662.5,6643,
Electronics Engineers Except Computer,"Qualcomm Atheros, Inc. ",66,180145.5,161295.5,195378.0,227662.5,6643,
Electronics Engineers Except Computer,"Marvell Semiconductor, Inc. ",64,166128.0,161295.5,195378.0,227662.5,6643,
Electronics Engineers Except Computer,Microchip Technology Inc.,62,111863.0,161295.5,195378.0,227662.5,6643,
Electronics Engineers Except Computer,ALL,10,,161295.5,195378.0,227662.5,6643,60700.0
Electronics Engineers Except Computer,ALL,134,,161295.5,195378.0,227662.5,6643,78100.0
Electronics Engineers Except Computer,ALL,249,,161295.5,195378.0,227662.5,6643,95500.0
Electronics Engineers Except Computer,ALL,545,,161295.5,195378.0,227662.5,6643,112900.0
Electronics Engineers Except Computer,ALL,1072,,161295.5,195378.0,227662.5,6643,130300.0
Electronics Engineers Except Computer,ALL,1087,,161295.5,195378.0,227662.5,6643,147700.0
Electronics Engineers Except Computer,ALL,867,,161295.5,195378.0,227662.5,6643,165100.0
Electronics Engineers Except Computer,ALL,894,,161295.5,195378.0,227662.5,6643,182500.0
Electronics Engineers Except Computer,ALL,586,,161295.5,195378.0,227662.5,6643,199900.0
Electronics Engineers Except Computer,ALL,470,,161295.5,195378.0,227662.5,6643,217300.0
Electronics Engineers Except Computer,ALL,433,,161295.5,195378.0,227662.5,6643,234700.0
Electronics Engineers Except Computer,ALL,215,,161295.5,195378.0,227662.5,6643,252100.0
Electronics Engineers Except Computer,ALL,38,,161295.5,195378.0,227662.5,6643,269500.0
Electronics Engineers Except Computer,ALL,22,,161295.5,195378.0,227662.5,6643,286900.0
Electronics Engineers Except Computer,ALL,9,,161295.5,195378.0,227662.5,6643,304300.0
Electronics Engineers Except Computer,ALL,2,,161295.5,195378.0,227662.5,6643,321700.0
Electronics Engineers Except Computer,ALL,4,,161295.5,195378.0,227662.5,6643,339100.0
Electronics Engineers Except Computer,ALL,3,,161295.5,195378.0,227662.5,6643,356500.0
Electronics Engineers Except Computer,ALL,0,,161295.5,195378.0,227662.5,6643,373900.0
Electronics Engineers Except Computer,ALL,3,,161295.5,195378.0,227662.5,6643,391300.0
Medical Scientists Except Epidemiologist,Washington University,168,67990.0,75000.0,95056.0,139303.20000000007,4193,
Medical Scientists Except Epidemiologist,Columbia University,117,79310.0,75000.0,95056.0,139303.20000000007,4193,
Medical Scientists Except Epidemiologist,UT Southwestern Medical Center,115,67000.0,75000.0,95056.0,139303.20000000007,4193,
Medical Scientists Except Epidemiologist,Baylor College of Medicine,104,66492.0,75000.0,95056.0,139303.20000000007,4193,
Medical Scientists Except Epidemiologist,University of Pittsburgh,92,67039.5,75000.0,95056.0,139303.20000000007,4193,
Medical Scientists Except Epidemiologist,TRUSTEES OF THE UNIVERSITY OF PENNSYLVANIA,87,75054.0,75000.0,95056.0,139303.20000000007,4193,
Medical Scientists Except Epidemiologist,"National Institutes of Health, HHS",86,108045.5,75000.0,95056.0,139303.20000000007,4193,
Medical Scientists Except Epidemiologist,The University of Alabama at Birmingham,84,65387.92,75000.0,95056.0,139303.20000000007,4193,
Medical Scientists Except Epidemiologist,General Hospital Corporation,84,85778.0,75000.0,95056.0,139303.20000000007,4193,
Medical Scientists Except Epidemiologist,Memorial Sloan Kettering Cancer Center,82,90000.0,75000.0,95056.0,139303.20000000007,4193,
Medical Scientists Except Epidemiologist,Icahn School of Medicine at Mount Sinai,77,83011.6,75000.0,95056.0,139303.20000000007,4193,
Medical Scientists Except Epidemiologist,Northwestern University,75,68964.0,75000.0,95056.0,139303.20000000007,4193,
Medical Scientists Except Epidemiologist,The University of Texas M.D. Anderson Cancer Center,69,76005.0,75000.0,95056.0,139303.20000000007,4193,
Medical Scientists Except Epidemiologist,Mayo Clinic,65,73299.0,75000.0,95056.0,139303.20000000007,4193,
Medical Scientists Except Epidemiologist,Johns Hopkins University,64,74088.0,75000.0,95056.0,139303.20000000007,4193,
Medical Scientists Except Epidemiologist,ALL,783,,75000.0,95056.0,139303.20000000007,4193,54850.0
Medical Scientists Except Epidemiologist,ALL,1832,,75000.0,95056.0,139303.20000000007,4193,72550.0
Medical Scientists Except Epidemiologist,ALL,583,,75000.0,95056.0,139303.20000000007,4193,90250.0
Medical Scientists Except Epidemiologist,ALL,294,,75000.0,95056.0,139303.20000000007,4193,107950.0
Medical Scientists Except Epidemiologist,ALL,226,,75000.0,95056.0,139303.20000000007,4193,125650.0
Medical Scientists Except Epidemiologist,ALL,187,,75000.0,95056.0,139303.20000000007,4193,143350.0
Medical Scientists Except Epidemiologist,ALL,79,,75000.0,95056.0,139303.20000000007,4193,161050.0
Medical Scientists Except Epidemiologist,ALL,76,,75000.0,95056.0,139303.20000000007,4193,178750.0
Medical Scientists Except Epidemiologist,ALL,36,,75000.0,95056.0,139303.20000000007,4193,196450.0
Medical Scientists Except Epidemiologist,ALL,22,,75000.0,95056.0,139303.20000000007,4193,214150.0
Medical Scientists Except Epidemiologist,ALL,17,,75000.0,95056.0,139303.20000000007,4193,231850.0
Medical Scientists Except Epidemiologist,ALL,7,,75000.0,95056.0,139303.20000000007,4193,249550.0
Medical Scientists Except Epidemiologist,ALL,17,,75000.0,95056.0,139303.20000000007,4193,267250.0
Medical Scientists Except Epidemiologist,ALL,6,,75000.0,95056.0,139303.20000000007,4193,284950.0
Medical Scientists Except Epidemiologist,ALL,8,,75000.0,95056.0,139303.20000000007,4193,302650.0
Medical Scientists Except Epidemiologist,ALL,6,,75000.0,95056.0,139303.20000000007,4193,320350.0
Medical Scientists Except Epidemiologist,ALL,1,,75000.0,95056.0,139303.20000000007,4193,338050.0
Medical Scientists Except Epidemiologist,ALL,0,,75000.0,95056.0,139303.20000000007,4193,355750.0
Medical Scientists Except Epidemiologist,ALL,4,,75000.0,95056.0,139303.20000000007,4193,373450.0
Medical Scientists Except Epidemiologist,ALL,9,,75000.0,95056.0,139303.20000000007,4193,391150.0
Physicians All Other,MAYO CLINIC,93,85134.5,179697.09,300000.0,400000.0,3924,
Physicians All Other,University of Arkansas for Medical Sciences,76,70479.0,179697.09,300000.0,400000.0,3924,
Physicians All Other,Mayo Clinic,67,75093.0,179697.09,300000.0,400000.0,3924,
Physicians All Other,Northwell Health,67,89775.0,179697.09,300000.0,400000.0,3924,
Physicians All Other,UNIVERSITY OF FLORIDA,62,233812.5,179697.09,300000.0,400000.0,3924,
Physicians All Other,Mass General Brigham Incorporated,59,82500.0,179697.09,300000.0,400000.0,3924,
Physicians All Other,Indiana University Indianapolis,56,76100.0,179697.09,300000.0,400000.0,3924,
Physicians All Other,Massachusetts General Physicians Organization,55,99000.0,179697.09,300000.0,400000.0,3924,
Physicians All Other,Emory University,55,75599.0,179697.09,300000.0,400000.0,3924,
Physicians All Other,MONTEFIORE MEDICAL CENTER,54,87932.37,179697.09,300000.0,400000.0,3924,
Physicians All Other,Cook County Health,51,67635.0,179697.09,300000.0,400000.0,3924,
Physicians All Other,Maimonides Medical Center,47,93696.04,179697.09,300000.0,400000.0,3924,
Physicians All Other,Brigham and Women's Hospital,44,99000.0,179697.09,300000.0,400000.0,3924,
Physicians All Other,Yale New Haven Hospital,43,93132.0,179697.09,300000.0,400000.0,3924,
Physicians All Other,Henry Ford Health System,41,69176.0,179697.09,300000.0,400000.0,3924,
Physicians All Other,ALL,281,,179697.09,300000.0,400000.0,3924,59883.4375
Physicians All Other,ALL,984,,179697.09,300000.0,400000.0,3924,77325.3125
Physicians All Other,ALL,511,,179697.09,300000.0,400000.0,3924,94767.1875
Physicians All Other,ALL,87,,179697.09,300000.0,400000.0,3924,112209.0625
Physicians All Other,ALL,17,,179697.09,300000.0,400000.0,3924,129650.9375
Physicians All Other,ALL,26,,179697.09,300000.0,400000.0,3924,147092.8125
Physicians All Other,ALL,41,,179697.09,300000.0,400000.0,3924,164534.6875
Physicians All Other,ALL,50,,179697.09,300000.0,400000.0,3924,181976.5625
Physicians All Other,ALL,58,,179697.09,300000.0,400000.0,3924,199418.4375
Physicians All Other,ALL,163,,179697.09,300000.0,400000.0,3924,216860.3125
Physicians All Other,ALL,230,,179697.09,300000.0,400000.0,3924,234302.1875
Physicians All Other,ALL,165,,179697.09,300000.0,400000.0,3924,251744.0625
Physicians All Other,ALL,157,,179697.09,300000.0,400000.0,3924,269185.9375
Physicians All Other,ALL,115,,179697.09,300000.0,400000.0,3924,286627.8125
Physicians All Other,ALL,153,,179697.09,300000.0,400000.0,3924,304069.6875
Physicians All Other,ALL,125,,179697.09,300000.0,400000.0,3924,321511.5625
Physicians All Other,ALL,50,,179697.09,300000.0,400000.0,3924,338953.4375
Physicians All Other,ALL,108,,179697.09,300000.0,400000.0,3924,356395.3125
Physicians All Other,ALL,69,,179697.09,300000.0,400000.0,3924,373837.1875
Physicians All Other,ALL,534,,179697.09,300000.0,400000.0,3924,391279.0625
Biochemists And Biophysicist,ST. JUDE CHILDREN'S RESEARCH HOSPITAL,140,88832.25,81149.0,113400.0,145057.692,2437,
Biochemists And Biophysicist,"University of California, San Francisco",118,80034.0,81149.0,113400.0,145057.692,2437,
Biochemists And Biophysicist,"The Leland Stanford, Jr University",77,78000.0,81149.0,113400.0,145057.692,2437,
Biochemists And Biophysicist,Duke University,73,69104.0,81149.0,113400.0,145057.692,2437,
Biochemists And Biophysicist,"UNIVERSITY OF CALIFORNIA, SAN DIEGO",53,78000.0,81149.0,113400.0,145057.692,2437,
Biochemists And Biophysicist,Massachusetts Institute of Technology,50,75850.0,81149.0,113400.0,145057.692,2437,
Biochemists And Biophysicist,The University of Texas M.D. Anderson Cancer Center,40,74200.0,81149.0,113400.0,145057.692,2437,
Biochemists And Biophysicist,Howard Hughes Medical Institute,38,79500.0,81149.0,113400.0,145057.692,2437,
Biochemists And Biophysicist,TRUSTEES OF THE UNIVERSITY OF PENNSYLVANIA,32,70659.5,81149.0,113400.0,145057.692,2437,
Biochemists And Biophysicist,"National Institutes of Health, HHS",32,105671.5,81149.0,113400.0,145057.692,2437,
Biochemists And Biophysicist,Yale University,28,69700.0,81149.0,113400.0,145057.692,2437,
Biochemists And Biophysicist,General Hospital Corporation,25,89000.0,81149.0,113400.0,145057.692,2437,
Biochemists And Biophysicist,UNIVERSITY OF NORTH CAROLINA AT CHAPEL HILL,25,68768.0,81149.0,113400.0,145057.692,2437,
Biochemists And Biophysicist,University of Michigan,24,65500.0,81149.0,113400.0,145057.692,2437,
Biochemists And Biophysicist,Baylor College of Medicine,24,70766.0,81149.0,113400.0,145057.692,2437,
Biochemists And Biophysicist,ALL,250,,81149.0,113400.0,145057.692,2437,52933.15
Biochemists And Biophysicist,ALL,889,,81149.0,113400.0,145057.692,2437,70731.45000000001
Biochemists And Biophysicist,ALL,510,,81149.0,113400.0,145057.692,2437,88529.75
Biochemists And Biophysicist,ALL,206,,81149.0,113400.0,145057.692,2437,106328.04999999999
Biochemists And Biophysicist,ALL,231,,81149.0,113400.0,145057.692,2437,124126.35
Biochemists And Biophysicist,ALL,171,,81149.0,113400.0,145057.692,2437,141924.65
Biochemists And Biophysicist,ALL,100,,81149.0,113400.0,145057.692,2437,159722.94999999998
Biochemists And Biophysicist,ALL,48,,81149.0,113400.0,145057.692,2437,177521.25
Biochemists And Biophysicist,ALL,17,,81149.0,113400.0,145057.692,2437,195319.55
Biochemists And Biophysicist,ALL,7,,81149.0,113400.0,145057.692,2437,213117.84999999998
Biochemists And Biophysicist,ALL,4,,81149.0,113400.0,145057.692,2437,230916.15
Biochemists And Biophysicist,ALL,1,,81149.0,113400.0,145057.692,2437,248714.44999999998
Biochemists And Biophysicist,ALL,0,,81149.0,113400.0,145057.692,2437,266512.75
Biochemists And Biophysicist,ALL,1,,81149.0,113400.0,145057.692,2437,284311.05
Biochemists And Biophysicist,ALL,0,,81149.0,113400.0,145057.692,2437,302109.35
Biochemists And Biophysicist,ALL,0,,81149.0,113400.0,145057.692,2437,319907.65
Biochemists And Biophysicist,ALL,0,,81149.0,113400.0,145057.692,2437,337705.94999999995
Biochemists And Biophysicist,ALL,0,,81149.0,113400.0,145057.692,2437,355504.25
Biochemists And Biophysicist,ALL,0,,81149.0,113400.0,145057.692,2437,373302.55
Biochemists And Biophysicist,ALL,2,,81149.0,113400.0,145057.692,2437,391100.85
Lawyer,"Paul, Weiss, Rifkind, Wharton & Garrison, LLP",106,330000.0,225000.0,310000.0,390000.0,2370,
Lawyer,White & Case LLP,98,260000.0,225000.0,310000.0,390000.0,2370,
Lawyer,Latham & Watkins LLP,66,260000.0,225000.0,310000.0,390000.0,2370,
Lawyer,Simpson Thacher & Bartlett LLP,63,260000.0,225000.0,310000.0,390000.0,2370,
Lawyer,Davis Polk & Wardwell LLP,54,235000.0,225000.0,310000.0,390000.0,2370,
Lawyer,Kirkland & Ellis LLP,51,325000.0,225000.0,310000.0,390000.0,2370,
Lawyer,Sidley Austin (US) LLP,44,235000.0,225000.0,310000.0,390000.0,2370,
Lawyer,Linklaters LLP,43,312500.0,225000.0,310000.0,390000.0,2370,
Lawyer,SULLIVAN & CROMWELL LLP,35,330000.0,225000.0,310000.0,390000.0,2370,
Lawyer,"Cravath, Swaine & Moore LLP",30,171018.0,225000.0,310000.0,390000.0,2370,
Lawyer,Cooley LLP,28,277500.0,225000.0,310000.0,390000.0,2370,
Lawyer,Ropes & Gray LLP,28,327500.0,225000.0,310000.0,390000.0,2370,
Lawyer,"Skadden, Arps, Slate, Meagher & Flom LLP ",25,260000.0,225000.0,310000.0,390000.0,2370,
Lawyer,DEBEVOISE & PLIMPTON LLP,24,265000.0,225000.0,310000.0,390000.0,2370,
Lawyer,CLEARY GOTTLIEB STEEN & HAMILTON LLP,24,242500.0025,225000.0,310000.0,390000.0,2370,
Lawyer,ALL,17,,225000.0,310000.0,390000.0,2370,60071.125
Lawyer,ALL,78,,225000.0,310000.0,390000.0,2370,77503.375
Lawyer,ALL,212,,225000.0,310000.0,390000.0,2370,94935.625
Lawyer,ALL,166,,225000.0,310000.0,390000.0,2370,112367.875
Lawyer,ALL,92,,225000.0,310000.0,390000.0,2370,129800.125
Lawyer,ALL,123,,225000.0,310000.0,390000.0,2370,147232.375
Lawyer,ALL,102,,225000.0,310000.0,390000.0,2370,164664.625
Lawyer,ALL,91,,225000.0,310000.0,390000.0,2370,182096.875
Lawyer,ALL,74,,225000.0,310000.0,390000.0,2370,199529.125
Lawyer,ALL,344,,225000.0,310000.0,390000.0,2370,216961.375
Lawyer,ALL,149,,225000.0,310000.0,390000.0,2370,234393.625
Lawyer,ALL,169,,225000.0,310000.0,390000.0,2370,251825.875
Lawyer,ALL,42,,225000.0,310000.0,390000.0,2370,269258.125
Lawyer,ALL,50,,225000.0,310000.0,390000.0,2370,286690.375
Lawyer,ALL,145,,225000.0,310000.0,390000.0,2370,304122.625
Lawyer,ALL,169,,225000.0,310000.0,390000.0,2370,321554.875
Lawyer,ALL,22,,225000.0,310000.0,390000.0,2370,338987.125
Lawyer,ALL,77,,225000.0,310000.0,390000.0,2370,356419.375
Lawyer,ALL,8,,225000.0,310000.0,390000.0,2370,373851.625
Lawyer,ALL,240,,225000.0,310000.0,390000.0,2370,391283.875
Sales Engineer,Google LLC,202,159000.0,151153.0,183500.0,211609.6,2169,
Sales Engineer,"ServiceNow, Inc.",73,176531.5,151153.0,183500.0,211609.6,2169,
Sales Engineer,"Cisco Systems, Inc.",72,146131.5,151153.0,183500.0,211609.6,2169,
Sales Engineer,NVIDIA Corporation,58,215262.25,151153.0,183500.0,211609.6,2169,
Sales Engineer,"Cadence Design Systems, Inc.",46,189082.25,151153.0,183500.0,211609.6,2169,
Sales Engineer,HCL AMERICA INC,44,128977.5,151153.0,183500.0,211609.6,2169,
Sales Engineer,Snowflake Inc.,39,186094.0,151153.0,183500.0,211609.6,2169,
Sales Engineer,Microsoft Corporation,37,196800.0,151153.0,183500.0,211609.6,2169,
Sales Engineer,"Salesforce, Inc.",37,174307.7,151153.0,183500.0,211609.6,2169,
Sales Engineer,"Oracle America, Inc.",33,181164.5,151153.0,183500.0,211609.6,2169,
Sales Engineer,"Arista Networks, Inc.",22,157335.75,151153.0,183500.0,211609.6,2169,
Sales Engineer,"Palo Alto Networks, Inc.",20,188730.0,151153.0,183500.0,211609.6,2169,
Sales Engineer,Siemens Industry Software Inc.,19,158100.0,151153.0,183500.0,211609.6,2169,
Sales Engineer,"The MathWorks, Inc.",19,159609.0,151153.0,183500.0,211609.6,2169,
Sales Engineer,KLA Corporation,18,164202.0,151153.0,183500.0,211609.6,2169,
Sales Engineer,ALL,12,,151153.0,183500.0,211609.6,2169,56765.875
Sales Engineer,ALL,86,,151153.0,183500.0,211609.6,2169,74367.625
Sales Engineer,ALL,189,,151153.0,183500.0,211609.6,2169,91969.375
Sales Engineer,ALL,226,,151153.0,183500.0,211609.6,2169,109571.125
Sales Engineer,ALL,299,,151153.0,183500.0,211609.6,2169,127172.875
Sales Engineer,ALL,308,,151153.0,183500.0,211609.6,2169,144774.625
Sales Engineer,ALL,342,,151153.0,183500.0,211609.6,2169,162376.375
Sales Engineer,ALL,239,,151153.0,183500.0,211609.6,2169,179978.125
Sales Engineer,ALL,208,,151153.0,183500.0,211609.6,2169,197579.875
Sales Engineer,ALL,102,,151153.0,183500.0,211609.6,2169,215181.625
Sales Engineer,ALL,82,,151153.0,183500.0,211609.6,2169,232783.375
Sales Engineer,ALL,35,,151153.0,183500.0,211609.6,2169,250385.125
Sales Engineer,ALL,13,,151153.0,183500.0,211609.6,2169,267986.875
Sales Engineer,ALL,13,,151153.0,183500.0,211609.6,2169,285588.625
Sales Engineer,ALL,5,,151153.0,183500.0,211609.6,2169,303190.375
Sales Engineer,ALL,5,,151153.0,183500.0,211609.6,2169,320792.125
Sales Engineer,ALL,1,,151153.0,183500.0,211609.6,2169,338393.875
Sales Engineer,ALL,1,,151153.0,183500.0,211609.6,2169,355995.625
Sales Engineer,ALL,0,,151153.0,183500.0,211609.6,2169,373597.375
Sales Engineer,ALL,3,,151153.0,183500.0,211609.6,2169,391199.125
Marketing Manager,Amazon.com Services LLC,83,161900.0,177500.0,221252.0,275000.0,2149,
Marketing Manager,ByteDance Inc.,78,260000.0,177500.0,221252.0,275000.0,2149,
Marketing Manager,TikTok Inc.,54,246750.0,177500.0,221252.0,275000.0,2149,
Marketing Manager,"Meta Platforms, Inc",32,243923.0,177500.0,221252.0,275000.0,2149,
Marketing Manager,Google LLC,29,208000.0,177500.0,221252.0,275000.0,2149,
Marketing Manager,Adobe Inc.,21,213500.0,177500.0,221252.0,275000.0,2149,
Marketing Manager,"Amazon Web Services, Inc.",19,181100.0,177500.0,221252.0,275000.0,2149,
Marketing Manager,Apple Inc.,17,232700.0,177500.0,221252.0,275000.0,2149,
Marketing Manager,Maplebear Inc.,13,173000.0,177500.0,221252.0,275000.0,2149,
Marketing Manager,BYTEDANCE INC.,12,199182.0,177500.0,221252.0,275000.0,2149,
Marketing Manager,AMAZON.COM SERVICES LLC,10,161525.0,177500.0,221252.0,275000.0,2149,
Marketing Manager,"Uber Technologies, Inc.",9,176000.0,177500.0,221252.0,275000.0,2149,
Marketing Manager,NVIDIA Corporation,9,276964.5,177500.0,221252.0,275000.0,2149,
Marketing Manager,Visa U.S.A. Inc.,8,246515.5,177500.0,221252.0,275000.0,2149,
Marketing Manager,"Palo Alto Networks, Inc.",8,231816.75,177500.0,221252.0,275000.0,2149,
Marketing Manager,ALL,8,,177500.0,221252.0,275000.0,2149,47518.0
Marketing Manager,ALL,13,,177500.0,221252.0,275000.0,2149,65594.0
Marketing Manager,ALL,95,,177500.0,221252.0,275000.0,2149,83670.0
Marketing Manager,ALL,126,,177500.0,221252.0,275000.0,2149,101746.0
Marketing Manager,ALL,189,,177500.0,221252.0,275000.0,2149,119822.0
Marketing Manager,ALL,240,,177500.0,221252.0,275000.0,2149,137898.0
Marketing Manager,ALL,255,,177500.0,221252.0,275000.0,2149,155974.0
Marketing Manager,ALL,241,,177500.0,221252.0,275000.0,2149,174050.0
Marketing Manager,ALL,246,,177500.0,221252.0,275000.0,2149,192126.0
Marketing Manager,ALL,169,,177500.0,221252.0,275000.0,2149,210202.0
Marketing Manager,ALL,144,,177500.0,221252.0,275000.0,2149,228278.0
Marketing Manager,ALL,118,,177500.0,221252.0,275000.0,2149,246354.0
Marketing Manager,ALL,86,,177500.0,221252.0,275000.0,2149,264430.0
Marketing Manager,ALL,61,,177500.0,221252.0,275000.0,2149,282506.0
Marketing Manager,ALL,36,,177500.0,221252.0,275000.0,2149,300582.0
Marketing Manager,ALL,41,,177500.0,221252.0,275000.0,2149,318658.0
Marketing Manager,ALL,19,,177500.0,221252.0,275000.0,2149,336734.0
Marketing Manager,ALL,20,,177500.0,221252.0,275000.0,2149,354810.0
Marketing Manager,ALL,11,,177500.0,221252.0,275000.0,2149,372886.0
Marketing Manager,ALL,31,,177500.0,221252.0,275000.0,2149,390962.0
Medical And Clinical Laboratory Technologist,"Management Health Systems, LLC",108,56576.0,68182.40000000001,78020.8,95867.20000000001,2095,
Medical And Clinical Laboratory Technologist,ARUP Laboratories,107,73382.40000000001,68182.40000000001,78020.8,95867.20000000001,2095,
Medical And Clinical Laboratory Technologist,"Cosmic Healthcare, LLC",102,64480.0,68182.40000000001,78020.8,95867.20000000001,2095,
Medical And Clinical Laboratory Technologist,"Comtrix Solutions, Inc.",65,64480.0,68182.40000000001,78020.8,95867.20000000001,2095,
Medical And Clinical Laboratory Technologist,Ochsner Clinic Foundation,44,69212.0,68182.40000000001,78020.8,95867.20000000001,2095,
Medical And Clinical Laboratory Technologist,"Guardian Healthcare Providers, Inc.",43,56784.0,68182.40000000001,78020.8,95867.20000000001,2095,
Medical And Clinical Laboratory Technologist,MultiCare Health System,31,95867.20000000001,68182.40000000001,78020.8,95867.20000000001,2095,
Medical And Clinical Laboratory Technologist,Kettering Medical Center,25,74609.6,68182.40000000001,78020.8,95867.20000000001,2095,
Medical And Clinical Laboratory Technologist,"Adventist Health System/Sunbelt, Inc. ",24,70720.0,68182.40000000001,78020.8,95867.20000000001,2095,
Medical And Clinical Laboratory Technologist,QUEST DIAGNOSTICS INCORPORATED,23,115606.4,68182.40000000001,78020.8,95867.20000000001,2095,
Medical And Clinical Laboratory Technologist,Mayo Clinic ,20,71654.0,68182.40000000001,78020.8,95867.20000000001,2095,
Medical And Clinical Laboratory Technologist,"UofL Health - Louisville, Inc. ",20,70809.44,68182.40000000001,78020.8,95867.20000000001,2095,
Medical And Clinical Laboratory Technologist,Conexus Medstaff LLC,19,58240.0,68182.40000000001,78020.8,95867.20000000001,2095,
Medical And Clinical Laboratory Technologist,Laboratory Corporation of America Holdings,19,64500.8,68182.40000000001,78020.8,95867.20000000001,2095,
Medical And Clinical Laboratory Technologist,Mount Sinai Hospital,18,110339.5,68182.40000000001,78020.8,95867.20000000001,2095,
Medical And Clinical Laboratory Technologist,ALL,352,,68182.40000000001,78020.8,95867.20000000001,2095,48491.44
Medical And Clinical Laboratory Technologist,ALL,1127,,68182.40000000001,78020.8,95867.20000000001,2095,66517.51999999999
Medical And Clinical Laboratory Technologist,ALL,383,,68182.40000000001,78020.8,95867.20000000001,2095,84543.59999999999
Medical And Clinical Laboratory Technologist,ALL,127,,68182.40000000001,78020.8,95867.20000000001,2095,102569.68
Medical And Clinical Laboratory Technologist,ALL,63,,68182.40000000001,78020.8,95867.20000000001,2095,120595.76
Medical And Clinical Laboratory Technologist,ALL,22,,68182.40000000001,78020.8,95867.20000000001,2095,138621.83999999997
Medical And Clinical Laboratory Technologist,ALL,12,,68182.40000000001,78020.8,95867.20000000001,2095,156647.91999999998
Medical And Clinical Laboratory Technologist,ALL,5,,68182.40000000001,78020.8,95867.20000000001,2095,174674.0
Medical And Clinical Laboratory Technologist,ALL,0,,68182.40000000001,78020.8,95867.20000000001,2095,192700.07999999996
Medical And Clinical Laboratory Technologist,ALL,2,,68182.40000000001,78020.8,95867.20000000001,2095,210726.15999999997
Medical And Clinical Laboratory Technologist,ALL,0,,68182.40000000001,78020.8,95867.20000000001,2095,228752.24
Medical And Clinical Laboratory Technologist,ALL,1,,68182.40000000001,78020.8,95867.20000000001,2095,246778.31999999995
Medical And Clinical Laboratory Technologist,ALL,0,,68182.40000000001,78020.8,95867.20000000001,2095,264804.39999999997
Medical And Clinical Laboratory Technologist,ALL,0,,68182.40000000001,78020.8,95867.20000000001,2095,282830.48
Medical And Clinical Laboratory Technologist,ALL,0,,68182.40000000001,78020.8,95867.20000000001,2095,300856.55999999994
Medical And Clinical Laboratory Technologist,ALL,0,,68182.40000000001,78020.8,95867.20000000001,2095,318882.64
Medical And Clinical Laboratory Technologist,ALL,0,,68182.40000000001,78020.8,95867.20000000001,2095,336908.72
Medical And Clinical Laboratory Technologist,ALL,0,,68182.40000000001,78020.8,95867.20000000001,2095,354934.8
Medical And Clinical Laboratory Technologist,ALL,0,,68182.40000000001,78020.8,95867.20000000001,2095,372960.88
Medical And Clinical Laboratory Technologist,ALL,1,,68182.40000000001,78020.8,95867.20000000001,2095,390986.95999999996
Elementary School Teachers Except Special Education,Dallas Independent School District,186,74000.0,61831.3,70718.0,82088.20000000001,2015,
Elementary School Teachers Except Special Education,SAVANNAH CHATHAM COUNTY PUBLIC SCHOOL SYSTEM,86,62449.0,61831.3,70718.0,82088.20000000001,2015,
Elementary School Teachers Except Special Education,Denver Public Schools District 1,73,69651.79,61831.3,70718.0,82088.20000000001,2015,
Elementary School Teachers Except Special Education,DISTRICT OF COLUMBIA PUBLIC SCHOOLS,36,65000.0,61831.3,70718.0,82088.20000000001,2015,
Elementary School Teachers Except Special Education,Portsmouth Public Schools,33,60797.04,61831.3,70718.0,82088.20000000001,2015,
Elementary School Teachers Except Special Education,RICHLAND COUNTY SCHOOL DISTRICT ONE,23,58220.0,61831.3,70718.0,82088.20000000001,2015,
Elementary School Teachers Except Special Education,Houston Independent School District,21,66000.0,61831.3,70718.0,82088.20000000001,2015,
Elementary School Teachers Except Special Education,Bering Strait School District,18,73142.0,61831.3,70718.0,82088.20000000001,2015,
Elementary School Teachers Except Special Education,Lexington County School District One,17,57822.0,61831.3,70718.0,82088.20000000001,2015,
Elementary School Teachers Except Special Education,Milwaukee Board of School Directors,16,80483.22,61831.3,70718.0,82088.20000000001,2015,
Elementary School Teachers Except Special Education,Triad Math and Science Academy Co.,16,60000.0,61831.3,70718.0,82088.20000000001,2015,
Elementary School Teachers Except Special Education,Academie Lafayette,15,54257.0,61831.3,70718.0,82088.20000000001,2015,
Elementary School Teachers Except Special Education,North Chicago Community Unit School District 187,15,52487.0,61831.3,70718.0,82088.20000000001,2015,
Elementary School Teachers Except Special Education,Nash County Public Schools,14,38750.0,61831.3,70718.0,82088.20000000001,2015,
Elementary School Teachers Except Special Education,Unified School District 457,14,47000.0,61831.3,70718.0,82088.20000000001,2015,
Elementary School Teachers Except Special Education,ALL,69,,61831.3,70718.0,82088.20000000001,2015,32973.4375
Elementary School Teachers Except Special Education,ALL,916,,61831.3,70718.0,82088.20000000001,2015,51795.3125
Elementary School Teachers Except Special Education,ALL,768,,61831.3,70718.0,82088.20000000001,2015,70617.1875
Elementary School Teachers Except Special Education,ALL,213,,61831.3,70718.0,82088.20000000001,2015,89439.0625
Elementary School Teachers Except Special Education,ALL,46,,61831.3,70718.0,82088.20000000001,2015,108260.9375
Elementary School Teachers Except Special Education,ALL,2,,61831.3,70718.0,82088.20000000001,2015,127082.8125
Elementary School Teachers Except Special Education,ALL,0,,61831.3,70718.0,82088.20000000001,2015,145904.6875
Elementary School Teachers Except Special Education,ALL,0,,61831.3,70718.0,82088.20000000001,2015,164726.5625
Elementary School Teachers Except Special Education,ALL,0,,61831.3,70718.0,82088.20000000001,2015,183548.4375
Elementary School Teachers Except Special Education,ALL,0,,61831.3,70718.0,82088.20000000001,2015,202370.3125
Elementary School Teachers Except Special Education,ALL,0,,61831.3,70718.0,82088.20000000001,2015,221192.1875
Elementary School Teachers Except Special Education,ALL,0,,61831.3,70718.0,82088.20000000001,2015,240014.0625
Elementary School Teachers Except Special Education,ALL,0,,61831.3,70718.0,82088.20000000001,2015,258835.9375
Elementary School Teachers Except Special Education,ALL,0,,61831.3,70718.0,82088.20000000001,2015,277657.8125
Elementary School Teachers Except Special Education,ALL,0,,61831.3,70718.0,82088.20000000001,2015,296479.6875
Elementary School Teachers Except Special Education,ALL,0,,61831.3,70718.0,82088.20000000001,2015,315301.5625
Elementary School Teachers Except Special Education,ALL,0,,61831.3,70718.0,82088.20000000001,2015,334123.4375
Elementary School Teachers Except Special Education,ALL,0,,61831.3,70718.0,82088.20000000001,2015,352945.3125
Elementary School Teachers Except Special Education,ALL,0,,61831.3,70718.0,82088.20000000001,2015,371767.1875
Elementary School Teachers Except Special Education,ALL,1,,61831.3,70718.0,82088.20000000001,2015,390589.0625
Health Specialties Teachers Postsecondary,LSU Health Sciences Center - Shreveport,74,210505.815,147874.0,240000.0,352200.00000000006,1867,
Health Specialties Teachers Postsecondary,West Virginia University,63,104020.8,147874.0,240000.0,352200.00000000006,1867,
Health Specialties Teachers Postsecondary,The University of Alabama at Birmingham,60,228789.59999999998,147874.0,240000.0,352200.00000000006,1867,
Health Specialties Teachers Postsecondary,University of Mississippi Medical Center,47,251117.0,147874.0,240000.0,352200.00000000006,1867,
Health Specialties Teachers Postsecondary,Washington University,44,240000.0,147874.0,240000.0,352200.00000000006,1867,
Health Specialties Teachers Postsecondary,"University of California, San Francisco",37,236140.0,147874.0,240000.0,352200.00000000006,1867,
Health Specialties Teachers Postsecondary,UNIVERSITY OF FLORIDA,32,215000.5,147874.0,240000.0,352200.00000000006,1867,
Health Specialties Teachers Postsecondary,The Curators of the University of Missouri,31,262500.0,147874.0,240000.0,352200.00000000006,1867,
Health Specialties Teachers Postsecondary,University of Washington,31,210000.0,147874.0,240000.0,352200.00000000006,1867,
Health Specialties Teachers Postsecondary,Yale University,30,247350.0,147874.0,240000.0,352200.00000000006,1867,
Health Specialties Teachers Postsecondary,"Medical College of Wisconsin, Inc.",29,352000.0,147874.0,240000.0,352200.00000000006,1867,
Health Specialties Teachers Postsecondary,Board of Regents of the University of Nebraska ,28,75000.0,147874.0,240000.0,352200.00000000006,1867,
Health Specialties Teachers Postsecondary,University of Illinois Chicago,26,211000.0,147874.0,240000.0,352200.00000000006,1867,
Health Specialties Teachers Postsecondary,The University of Texas Health Science Center at Houston,26,244500.0,147874.0,240000.0,352200.00000000006,1867,
Health Specialties Teachers Postsecondary,Indiana University Indianapolis,24,136818.5,147874.0,240000.0,352200.00000000006,1867,
Health Specialties Teachers Postsecondary,ALL,76,,147874.0,240000.0,352200.00000000006,1867,56800.0
Health Specialties Teachers Postsecondary,ALL,157,,147874.0,240000.0,352200.00000000006,1867,74400.0
Health Specialties Teachers Postsecondary,ALL,228,,147874.0,240000.0,352200.00000000006,1867,92000.0
Health Specialties Teachers Postsecondary,ALL,174,,147874.0,240000.0,352200.00000000006,1867,109600.0
Health Specialties Teachers Postsecondary,ALL,201,,147874.0,240000.0,352200.00000000006,1867,127200.0
Health Specialties Teachers Postsecondary,ALL,142,,147874.0,240000.0,352200.00000000006,1867,144800.0
Health Specialties Teachers Postsecondary,ALL,103,,147874.0,240000.0,352200.00000000006,1867,162400.0
Health Specialties Teachers Postsecondary,ALL,75,,147874.0,240000.0,352200.00000000006,1867,180000.0
Health Specialties Teachers Postsecondary,ALL,73,,147874.0,240000.0,352200.00000000006,1867,197600.0
Health Specialties Teachers Postsecondary,ALL,87,,147874.0,240000.0,352200.00000000006,1867,215200.0
Health Specialties Teachers Postsecondary,ALL,101,,147874.0,240000.0,352200.00000000006,1867,232800.0
Health Specialties Teachers Postsecondary,ALL,86,,147874.0,240000.0,352200.00000000006,1867,250400.0
Health Specialties Teachers Postsecondary,ALL,57,,147874.0,240000.0,352200.00000000006,1867,268000.0
Health Specialties Teachers Postsecondary,ALL,27,,147874.0,240000.0,352200.00000000006,1867,285600.0
Health Specialties Teachers Postsecondary,ALL,32,,147874.0,240000.0,352200.00000000006,1867,303200.0
Health Specialties Teachers Postsecondary,ALL,27,,147874.0,240000.0,352200.00000000006,1867,320800.0
Health Specialties Teachers Postsecondary,ALL,21,,147874.0,240000.0,352200.00000000006,1867,338400.0
Health Specialties Teachers Postsecondary,ALL,39,,147874.0,240000.0,352200.00000000006,1867,356000.0
Health Specialties Teachers Postsecondary,ALL,17,,147874.0,240000.0,352200.00000000006,1867,373600.0
Health Specialties Teachers Postsecondary,ALL,144,,147874.0,240000.0,352200.00000000006,1867,391200.0
Graphic Designer,Google LLC,102,167500.0,116000.0,158600.0,196255.0,1401,
Graphic Designer,Amazon.com Services LLC,99,143700.0,116000.0,158600.0,196255.0,1401,
Graphic Designer,Apple Inc.,35,180400.0,116000.0,158600.0,196255.0,1401,
Graphic Designer,"Meta Platforms, Inc",33,205000.0,116000.0,158600.0,196255.0,1401,
Graphic Designer,"Amazon Development Center U.S., Inc.",32,144800.0,116000.0,158600.0,196255.0,1401,
Graphic Designer,Intuit Inc.,25,168479.5,116000.0,158600.0,196255.0,1401,
Graphic Designer,"Amazon Web Services, Inc.",17,140300.0,116000.0,158600.0,196255.0,1401,
Graphic Designer,COGNIZANT TECHNOLOGY SOLUTIONS US CORP,17,68765.0,116000.0,158600.0,196255.0,1401,
Graphic Designer,Adobe Inc.,10,179500.0,116000.0,158600.0,196255.0,1401,
Graphic Designer,LINKEDIN CORPORATION,10,159000.0,116000.0,158600.0,196255.0,1401,
Graphic Designer,"WAL-MART ASSOCIATES, INC.",10,130000.0,116000.0,158600.0,196255.0,1401,
Graphic Designer,LinkedIn Corporation,9,238000.0,116000.0,158600.0,196255.0,1401,
Graphic Designer,"PHOTON INFOTECH, INC.",9,85420.0,116000.0,158600.0,196255.0,1401,
Graphic Designer,AMAZON.COM SERVICES LLC,8,154500.0,116000.0,158600.0,196255.0,1401,
Graphic Designer,"Rubrik, Inc.",7,170000.0,116000.0,158600.0,196255.0,1401,
Graphic Designer,ALL,38,,116000.0,158600.0,196255.0,1401,34839.875
Graphic Designer,ALL,233,,116000.0,158600.0,196255.0,1401,53309.625
Graphic Designer,ALL,210,,116000.0,158600.0,196255.0,1401,71779.375
Graphic Designer,ALL,128,,116000.0,158600.0,196255.0,1401,90249.125
Graphic Designer,ALL,110,,116000.0,158600.0,196255.0,1401,108718.875
Graphic Designer,ALL,128,,116000.0,158600.0,196255.0,1401,127188.625
Graphic Designer,ALL,182,,116000.0,158600.0,196255.0,1401,145658.375
Graphic Designer,ALL,136,,116000.0,158600.0,196255.0,1401,164128.125
Graphic Designer,ALL,69,,116000.0,158600.0,196255.0,1401,182597.875
Graphic Designer,ALL,87,,116000.0,158600.0,196255.0,1401,201067.625
Graphic Designer,ALL,38,,116000.0,158600.0,196255.0,1401,219537.375
Graphic Designer,ALL,18,,116000.0,158600.0,196255.0,1401,238007.125
Graphic Designer,ALL,10,,116000.0,158600.0,196255.0,1401,256476.875
Graphic Designer,ALL,7,,116000.0,158600.0,196255.0,1401,274946.625
Graphic Designer,ALL,0,,116000.0,158600.0,196255.0,1401,293416.375
Graphic Designer,ALL,1,,116000.0,158600.0,196255.0,1401,311886.125
Graphic Designer,ALL,3,,116000.0,158600.0,196255.0,1401,330355.875
Graphic Designer,ALL,0,,116000.0,158600.0,196255.0,1401,348825.625
Graphic Designer,ALL,1,,116000.0,158600.0,196255.0,1401,367295.375
Graphic Designer,ALL,2,,116000.0,158600.0,196255.0,1401,385765.125
Computer Science Teachers Postsecondary,Purdue University,31,114824.52,105000.0,127467.0,144910.0,1067,
Computer Science Teachers Postsecondary,The Pennsylvania State University,18,125028.0,105000.0,127467.0,144910.0,1067,
Computer Science Teachers Postsecondary,Rochester Institute of Technology,14,80940.0,105000.0,127467.0,144910.0,1067,
Computer Science Teachers Postsecondary,George Mason University,12,119362.5,105000.0,127467.0,144910.0,1067,
Computer Science Teachers Postsecondary,KENNESAW STATE UNIVERSITY,12,115500.0,105000.0,127467.0,144910.0,1067,
Computer Science Teachers Postsecondary,Arizona State University,11,96750.0,105000.0,127467.0,144910.0,1067,
Computer Science Teachers Postsecondary,North Carolina State University,10,128544.0,105000.0,127467.0,144910.0,1067,
Computer Science Teachers Postsecondary,Indiana University,9,95717.0,105000.0,127467.0,144910.0,1067,
Computer Science Teachers Postsecondary,University of Washington,8,118948.5,105000.0,127467.0,144910.0,1067,
Computer Science Teachers Postsecondary,University of Wisconsin System,8,135500.0,105000.0,127467.0,144910.0,1067,
Computer Science Teachers Postsecondary,STATE UNIVERSITY OF NEW YORK AT BINGHAMTON,8,103000.0,105000.0,127467.0,144910.0,1067,
Computer Science Teachers Postsecondary,"New York University, Courant Institute of Mathematical Sciences",8,97610.5,105000.0,127467.0,144910.0,1067,
Computer Science Teachers Postsecondary,University of Pittsburgh,8,93418.56,105000.0,127467.0,144910.0,1067,
Computer Science Teachers Postsecondary,University of Michigan,8,100948.0,105000.0,127467.0,144910.0,1067,
Computer Science Teachers Postsecondary,The University of Texas at Dallas,8,132500.0,105000.0,127467.0,144910.0,1067,
Computer Science Teachers Postsecondary,ALL,21,,105000.0,127467.0,144910.0,1067,48954.8
Computer Science Teachers Postsecondary,ALL,75,,105000.0,127467.0,144910.0,1067,64404.399999999994
Computer Science Teachers Postsecondary,ALL,167,,105000.0,127467.0,144910.0,1067,79854.0
Computer Science Teachers Postsecondary,ALL,235,,105000.0,127467.0,144910.0,1067,95303.6
Computer Science Teachers Postsecondary,ALL,188,,105000.0,127467.0,144910.0,1067,110753.2
Computer Science Teachers Postsecondary,ALL,194,,105000.0,127467.0,144910.0,1067,126202.8
Computer Science Teachers Postsecondary,ALL,105,,105000.0,127467.0,144910.0,1067,141652.40000000002
Computer Science Teachers Postsecondary,ALL,38,,105000.0,127467.0,144910.0,1067,157102.0
Computer Science Teachers Postsecondary,ALL,16,,105000.0,127467.0,144910.0,1067,172551.59999999998
Computer Science Teachers Postsecondary,ALL,16,,105000.0,127467.0,144910.0,1067,188001.2
Computer Science Teachers Postsecondary,ALL,8,,105000.0,127467.0,144910.0,1067,203450.8
Computer Science Teachers Postsecondary,ALL,2,,105000.0,127467.0,144910.0,1067,218900.40000000002
Computer Science Teachers Postsecondary,ALL,1,,105000.0,127467.0,144910.0,1067,234350.0
Computer Science Teachers Postsecondary,ALL,0,,105000.0,127467.0,144910.0,1067,249799.6
Computer Science Teachers Postsecondary,ALL,0,,105000.0,127467.0,144910.0,1067,265249.2
Computer Science Teachers Postsecondary,ALL,0,,105000.0,127467.0,144910.0,1067,280698.8
Computer Science Teachers Postsecondary,ALL,0,,105000.0,127467.0,144910.0,1067,296148.4
Computer Science Teachers Postsecondary,ALL,0,,105000.0,127467.0,144910.0,1067,311598.0
Computer Science Teachers Postsecondary,ALL,0,,105000.0,127467.0,144910.0,1067,327047.6
Computer Science Teachers Postsecondary,ALL,1,,105000.0,127467.0,144910.0,1067,342497.2
Commercial And Industrial Designer,L&T Technology Services Limited,72,91000.0,95000.0,141500.0,177570.0,768,
Commercial And Industrial Designer,Microsoft Corporation,45,170398.0,95000.0,141500.0,177570.0,768,
Commercial And Industrial Designer,"M. Arthur Gensler Jr. & Associates, Inc.",27,81000.0,95000.0,141500.0,177570.0,768,
Commercial And Industrial Designer,Hinduja Tech Inc.,20,83230.5,95000.0,141500.0,177570.0,768,
Commercial And Industrial Designer,Apple Inc.,18,220000.0,95000.0,141500.0,177570.0,768,
Commercial And Industrial Designer,"NIKE, Inc.",18,129056.28,95000.0,141500.0,177570.0,768,
Commercial And Industrial Designer,Tata Technologies Inc.,16,70000.0,95000.0,141500.0,177570.0,768,
Commercial And Industrial Designer,"PIPING TECHNOLOGY & PRODUCTS, INC",12,104000.0,95000.0,141500.0,177570.0,768,
Commercial And Industrial Designer,Google LLC,11,172000.0,95000.0,141500.0,177570.0,768,
Commercial And Industrial Designer,"Motorola Solutions, Inc.",10,95987.0,95000.0,141500.0,177570.0,768,
Commercial And Industrial Designer,"KPIT Technologies, Inc.",9,100000.0,95000.0,141500.0,177570.0,768,
Commercial And Industrial Designer,"Salesforce, Inc.",8,191430.0,95000.0,141500.0,177570.0,768,
Commercial And Industrial Designer,General Motors,8,134105.035,95000.0,141500.0,177570.0,768,
Commercial And Industrial Designer,"Lucid USA, Inc.",6,153597.0,95000.0,141500.0,177570.0,768,
Commercial And Industrial Designer,"Axon Enterprise, Inc.",5,145720.08,95000.0,141500.0,177570.0,768,
Commercial And Industrial Designer,ALL,49,,95000.0,141500.0,177570.0,768,51865.85
Commercial And Industrial Designer,ALL,78,,95000.0,141500.0,177570.0,768,63785.549999999996
Commercial And Industrial Designer,ALL,133,,95000.0,141500.0,177570.0,768,75705.25
Commercial And Industrial Designer,ALL,106,,95000.0,141500.0,177570.0,768,87624.95000000001
Commercial And Industrial Designer,ALL,87,,95000.0,141500.0,177570.0,768,99544.65
Commercial And Industrial Designer,ALL,41,,95000.0,141500.0,177570.0,768,111464.35
Commercial And Industrial Designer,ALL,44,,95000.0,141500.0,177570.0,768,123384.05000000002
Commercial And Industrial Designer,ALL,36,,95000.0,141500.0,177570.0,768,135303.75
Commercial And Industrial Designer,ALL,33,,95000.0,141500.0,177570.0,768,147223.45
Commercial And Industrial Designer,ALL,44,,95000.0,141500.0,177570.0,768,159143.15
Commercial And Industrial Designer,ALL,37,,95000.0,141500.0,177570.0,768,171062.85
Commercial And Industrial Designer,ALL,27,,95000.0,141500.0,177570.0,768,182982.55000000002
Commercial And Industrial Designer,ALL,15,,95000.0,141500.0,177570.0,768,194902.25
Commercial And Industrial Designer,ALL,9,,95000.0,141500.0,177570.0,768,206821.95
Commercial And Industrial Designer,ALL,11,,95000.0,141500.0,177570.0,768,218741.65000000002
Commercial And Industrial Designer,ALL,6,,95000.0,141500.0,177570.0,768,230661.35
Commercial And Industrial Designer,ALL,5,,95000.0,141500.0,177570.0,768,242581.05000000002
Commercial And Industrial Designer,ALL,4,,95000.0,141500.0,177570.0,768,254500.75
Commercial And Industrial Designer,ALL,2,,95000.0,141500.0,177570.0,768,266420.45
Commercial And Industrial Designer,ALL,1,,95000.0,141500.0,177570.0,768,278340.15
